class_0000,class_0001,class_0002,class_0003,class_0004,class_0005,class_0006,class_0007,class_0008,class_0009
0.0,0.0,0.0,0.0,0.0,0.0,0.0,0.0,0.0,0.0
0.0,0.0,0.0,0.0,0.0,0.0,0.0,0.0,0.0,0.0
0.0,0.0,0.0,0.0,0.0,0.0,0.0,0.0,0.0,0.0
0.0,0.0,0.0,0.0,0.0,0.0,0.0,0.0,0.0,0.0
0.0,0.0,0.0,0.0,0.0,0.0,0.0,0.0,0.0,0.0
0.0,0.0,0.0,0.0,0.0,0.0,0.0,0.0,0.0,0.0
0.0,0.0,0.0,0.0,0.0,0.0,0.0,0.0,0.0,0.0
0.0,0.0,0.0,0.0,0.0,0.0,0.0,0.0,0.0,0.0
0.0,0.0,0.0,0.0,0.0,0.0,0.0,0.0,0.0,0.0
0.0,0.0,0.0,0.0,0.0,0.0,0.0,0.0,0.0,0.0
0.0,0.0,0.0,0.0,0.0,0.0,0.0,0.0,0.0,0.0
0.0,0.0,0.0,0.0,0.0,0.0,0.0,0.0,0.0,0.0
0.0,0.0,0.0,0.0,0.0,0.0,0.0,0.0,0.0,0.0
0.0,0.0,0.0,0.0,0.0,0.0,0.0,0.0,0.0,0.0
0.0,0.0,0.0,0.0,0.0,0.0,0.0,0.0,0.0,0.0
0.0,0.0,0.0,0.0,0.0,0.0,0.0,0.0,0.0,0.0
0.0,0.0,0.0,0.0,0.0,0.0,0.0,0.0,0.0,0.0
0.0,0.0,0.0,0.0,0.0,0.0,0.0,0.0,0.0,0.0
0.0,0.0,0.0,0.0,0.0,0.0,0.0,0.0,0.0,0.0
0.0,0.0,0.0,0.0,0.0,0.0,0.0,0.0,0.0,0.0
0.0,0.0,0.0,0.0,0.0,0.0,0.0,0.0,0.0,0.0
0.0,0.0,0.0,0.0,0.0,0.0,0.0,0.0,0.0,0.0
0.0,0.0,0.0,0.0,0.0,0.0,0.0,0.0,0.0,0.0
0.0,0.0,0.0,0.0,0.0,0.0,0.0,0.0,0.0,0.0
0.0,0.0,0.0,0.0,0.0,0.0,0.0,0.0,0.0,0.0
0.0,0.0,0.0,0.0,0.0,0.0,0.0,0.0,0.0,0.0
0.0,0.0,0.0,0.0,0.0,0.0,0.0,0.0,0.0,0.0
0.0,0.0,0.0,0.0,0.0,0.0,0.0,0.0,0.0,0.0
0.0,0.0,0.0,0.0,0.0,0.0,0.0,0.0,0.0,0.0
0.0,0.0,0.0,0.0,0.0,0.0,0.0,0.0,0.0,0.0
0.0,0.0,0.0,0.0,0.0,0.0,0.0,0.0,0.0,0.0
0.0,0.0,0.0,0.0,0.0,0.0,0.0,0.0,0.0,0.0
0.0,0.0,0.0,0.0,0.0,0.0,0.0,0.0,0.0,0.0
0.0,0.0,0.0,0.0,0.0,0.0,0.0,0.0,0.0,0.0
0.0,0.0,0.0,0.0,0.0,0.0,0.0,0.0,0.0,0.0
0.0,0.0,0.0,0.0,0.0,0.0,0.0,0.0,0.0,0.0
0.0,0.0,0.0,0.0,0.0,0.0,0.0,0.0,0.0,0.0
0.0,0.0,0.0,0.0,0.0,0.0,0.0,0.0,0.0,0.0
0.0,0.0,0.0,0.0,0.0,0.0,0.0,0.0,0.0,0.0
0.0,0.0,0.0,0.0,0.0,0.0,0.0,0.0,0.0,0.0
0.0,0.0,0.0,0.0,0.0,0.0,0.0,0.0,0.0,0.0
0.0,0.0,0.0,0.0,0.0,0.0,0.0,0.0,0.0,0.0
0.0,0.0,-0.0,0.0,0.0,0.0,0.0,0.0,0.0,0.0
0.0,0.0,0.0,0.0,0.0,0.0,0.0,0.0,0.0,0.0
0.0,0.0,0.0,0.0,0.0,0.0,-0.0,0.0,0.0,0.0
0.0,0.0,0.0,0.0,0.0,0.0,0.0,0.0,0.0,0.0
0.0,0.0,0.0,0.0,0.0,0.0,0.0,0.0,0.0,0.0
0.0,0.0,0.0,0.0,0.0,0.0,0.0,0.0,0.0,0.0
0.0,0.0,0.0,0.0,0.0,0.0,0.0,0.0,0.0,0.0
0.0,0.0,0.0,0.0,0.0,0.0,0.0,0.0,0.0,0.0
0.0,0.0,0.0,0.0,-0.0,0.0,0.0,0.0,0.0,0.0
0.0,0.0,0.0,0.0,0.0,0.0,0.0,0.0,0.0,0.0
0.0,0.0,0.0,0.0,0.0,0.0,0.0,0.0,0.0,0.0
0.0,0.0,0.0,0.0,0.0,0.0,0.0,0.0,0.0,0.0
0.0,0.0,0.0,0.0,0.0,0.0,0.0,0.0,0.0,0.0
0.0,0.0,0.0,0.0,0.0,0.0,0.0,0.0,0.0,0.0
0.0,0.0,0.0,0.0,0.0,0.0,0.0,0.0,0.0,0.0
0.0,0.0,0.0,0.0,0.0,0.0,0.0,0.0,0.0,0.0
0.0,0.0,0.0,0.0,0.0,0.0,0.0,0.0,0.0,0.0
0.0,0.0,0.0,0.0,0.0,0.0,0.0,0.0,0.0,0.0
0.0,0.0,0.0,0.0,0.0,0.0,0.0,0.0,0.0,0.0
0.0,0.0,0.0,0.0,0.0,0.0,0.0,0.0,0.0,0.0
0.0,0.0,0.0,0.0,0.0,0.0,0.0,0.0,0.0,0.0
0.0,0.0,0.0,0.0,-0.0,0.0,0.0,0.0,0.0,0.0
0.0,0.0,-0.0,0.0,-0.0,0.0,0.0,0.0,0.0,0.0
0.0,0.0,0.0,0.0,0.0,0.0,0.0,0.0,0.0,0.0
0.0,0.0,-0.0,0.0,-0.0,0.0,0.0,0.0,0.0,0.0
0.0,0.0,0.0,0.0,-0.0,-0.0,0.0,0.0,0.0,0.0
-0.0,0.0,-0.0,0.0,-0.0,-0.0,0.0,0.0,0.0,0.0
0.0,0.0,-0.0,0.0,-0.0,-0.0,0.0,0.0,-0.0,0.0
-0.0,0.0,-0.0,0.0,0.0,-0.0,-0.0,0.0,-0.0,0.0
-0.0,0.0,-0.0,-0.0,-0.0,-0.0,0.0,0.0,-0.0,0.0
-0.0,0.0,-0.0,-0.0,-0.0,-0.0,0.0,0.0,-0.0,0.0
-0.0,0.0,-0.0,0.0,-0.0,-0.0,0.0,0.0,-0.0,0.0
0.0,0.0,-0.0,-0.0,-0.0,-0.0,0.0,0.0,0.0,0.0
-0.0,0.0,-0.0,-0.0,-0.0,0.0,0.0,0.0,-0.0,0.0
-0.0,0.0,-0.0,0.0,-0.0,-0.0,0.0,0.0,0.0,0.0
0.0,0.0,-0.0,0.0,0.0,0.0,0.0,0.0,0.0,0.0
0.0,0.0,-0.0,0.0,-0.0,0.0,0.0,0.0,0.0,0.0
0.0,0.0,0.0,0.0,0.0,0.0,0.0,0.0,0.0,0.0
0.0,0.0,0.0,0.0,0.0,0.0,0.0,0.0,0.0,0.0
0.0,0.0,0.0,0.0,0.0,0.0,0.0,0.0,0.0,0.0
0.0,0.0,0.0,0.0,0.0,0.0,0.0,0.0,0.0,0.0
0.0,0.0,0.0,0.0,0.0,0.0,0.0,0.0,0.0,0.0
0.0,0.0,0.0,0.0,0.0,0.0,0.0,0.0,0.0,0.0
0.0,0.0,0.0,0.0,0.0,0.0,0.0,0.0,0.0,0.0
0.0,0.0,0.0,0.0,0.0,0.0,0.0,0.0,0.0,0.0
0.0,0.0,0.0,0.0,0.0,0.0,0.0,0.0,0.0,0.0
0.0,0.0,0.0,0.0,0.0,0.0,0.0,0.0,0.0,0.0
0.0,0.0,0.0,0.0,0.0,0.0,0.0,0.0,0.0,0.0
0.0,0.0,0.0,0.0,-0.0,0.0,0.0,0.0,0.0,0.0
-0.0,0.0,0.0,0.0,0.0,0.0,0.0,0.0,0.0,0.0
0.0,0.0,0.0,0.0,0.0,0.0,0.0,0.0,0.0,0.0
-0.0,0.0,0.0,-0.0,-0.0,-0.0,0.0,0.0,-0.0,0.0
-0.0,-0.0,0.0,-0.0,-0.0,0.0,0.0,0.0,0.0,0.0
0.0,-0.0,0.0,0.0,-0.0,-0.0,0.0,0.0,-0.0,0.0
-0.0,0.0,0.0,0.0,-0.0,0.0,-0.0,0.0,-0.0,-0.0
0.0,-0.0,0.0,-0.0,-0.0,-0.0,0.0,-0.0,0.0,0.0
-0.0,-0.0,-0.0,0.0,-0.0,-0.0,0.0,0.0,-0.0,-0.0
-0.0,-0.0,-0.0,0.0,-0.0,0.0,0.0,0.0,-0.0,-0.0
-0.0,-0.0,0.0,0.0,-0.0,-0.0,0.0,0.0,-0.0,-0.0
0.0,-0.0,-0.0,0.0,-0.0,-0.0,-0.0,0.0,-0.0,-0.0
-0.0,-0.0,-0.0,0.0,-0.0,-0.0,0.0,0.0,-0.0,-0.0
-0.0,0.0,-0.0,0.0,0.0,-0.0,0.0,0.0,-0.0,-0.0
-0.0,-0.0,-0.0,0.0,-0.0,0.0,0.0,0.0,-0.0,0.0
-0.0,0.0,-0.0,0.0,-0.0,0.0,-0.0,0.0,-0.0,0.0
-0.0,0.0,0.0,-0.0,-0.0,0.0,-0.0,0.0,0.0,0.0
0.0,0.0,0.0,0.0,0.0,-0.0,0.0,0.0,0.0,0.0
0.0,0.0,0.0,0.0,0.0,0.0,0.0,0.0,0.0,0.0
0.0,0.0,0.0,0.0,0.0,0.0,0.0,0.0,0.0,0.0
0.0,0.0,0.0,0.0,0.0,0.0,0.0,0.0,0.0,0.0
0.0,0.0,0.0,0.0,0.0,0.0,0.0,0.0,0.0,0.0
0.0,0.0,0.0,0.0,0.0,0.0,0.0,0.0,0.0,0.0
0.0,0.0,0.0,0.0,0.0,0.0,0.0,0.0,0.0,0.0
0.0,0.0,0.0,0.0,0.0,0.0,0.0,0.0,0.0,0.0
0.0,0.0,0.0,0.0,0.0,0.0,0.0,0.0,0.0,0.0
0.0,0.0,0.0,0.0,0.0,0.0,0.0,0.0,0.0,0.0
0.0,0.0,0.0,0.0,0.0,-0.0,0.0,0.0,0.0,0.0
0.0,0.0,0.0,0.0,-0.0,0.0,-0.0,0.0,-0.0,0.0
-0.0,0.0,0.0,0.0,0.0,0.0,-0.0,0.0,-0.0,0.0
0.0,0.0,0.0,0.0,-0.0,-0.0,0.0,0.0,0.0,0.0
0.0,0.0,0.0,-0.0,-0.0,0.0,-0.0,0.0,-0.0,-0.0
0.0,-0.0,0.0,0.0,-0.0,-0.0,0.0,-0.0,-0.0,-0.0
0.0,-0.0,0.0,0.0,-0.0,0.0,-0.0,-0.0,0.0,-0.0
-0.0,-0.0,0.0,0.0,0.0,-0.0,-0.0,-0.0,-0.0,-0.0
0.0,-0.0,0.0,0.0,0.0,-0.0,-0.0,-0.0,-0.0,-0.0
-0.0,-0.0,0.0,0.0,-0.0,0.0,-0.0,-0.0,-0.0,-0.0
0.0,-0.0,0.0,0.0,-0.0,0.0,-0.0,-0.0,0.0,-0.0
-0.0,-0.0,0.0,0.0,-0.0,0.0,-0.0,-0.0,-0.0,-0.0
0.0,-0.0,-0.0,-0.0,-0.0,0.0,0.0,-0.0,-0.0,-0.0
0.0,-0.0,-0.0,0.0,-0.0,0.0,-0.0,-0.0,-0.0,-0.0
0.0,0.0,-0.0,-0.0,0.0,-0.0,0.0,-0.0,-0.0,-0.0
-0.0,0.0,-0.0,-0.0,0.0,-0.0,0.0,0.0,-0.0,-0.0
-0.0,0.0,-0.0,-0.0,0.0,0.0,0.0,0.0,-0.0,-0.0
0.0,-0.0,-0.0,0.0,0.0,0.0,0.0,0.0,-0.0,0.0
-0.0,0.0,-0.0,-0.0,0.0,0.0,0.0,0.0,-0.0,0.0
0.0,-0.0,-0.0,0.0,0.0,0.0,-0.0,0.0,0.0,0.0
0.0,0.0,0.0,0.0,0.0,0.0,0.0,0.0,0.0,0.0
0.0,0.0,0.0,0.0,0.0,0.0,0.0,0.0,0.0,0.0
0.0,0.0,0.0,0.0,0.0,0.0,0.0,0.0,0.0,0.0
0.0,0.0,0.0,0.0,0.0,0.0,0.0,0.0,0.0,0.0
0.0,0.0,0.0,0.0,0.0,0.0,0.0,0.0,0.0,0.0
0.0,0.0,0.0,0.0,0.0,0.0,0.0,0.0,0.0,0.0
0.0,0.0,0.0,0.0,0.0,0.0,0.0,0.0,0.0,0.0
0.0,0.0,0.0,0.0,0.0,-0.0,0.0,0.0,0.0,0.0
-0.0,0.0,0.0,0.0,0.0,0.0,0.0,0.0,0.0,0.0
0.0,0.0,-0.0,0.0,0.0,-0.0,-0.0,0.0,-0.0,0.0
-0.0,0.0,0.0,0.0,-0.0,0.0,-0.0,0.0,0.0,-0.0
-0.0,-0.0,0.0,0.0,-0.0,-0.0,0.0,0.0,-0.0,0.0
0.0,0.0,-0.0,-0.0,-0.0,-0.0,-0.0,0.0,0.0,-0.0
0.040818068578392895,-0.1127957896210867,0.0024792213424727487,0.0548072745001501,0.0,0.0,0.03736454509291034,0.0,-0.09722762004991968,-0.18239525183860242
0.0,-0.2704621427971258,0.07737095901186435,0.0,-0.06686610013848689,0.0,-0.09186929319457021,-0.16773859176228867,-0.008736280355131954,0.05044740208666939
-0.0,-0.0,0.0,0.0,-0.0,-0.0,-0.0,-0.0,0.0,-0.0
0.0,-0.0,0.0,-0.0,-0.0,-0.0,-0.0,0.0,-0.0,0.0
0.0,-0.0,-0.0,-0.0,0.0,-0.0,0.0,-0.0,0.0,-0.0
0.0,0.0,0.0,0.0,0.0,-0.0,-0.0,-0.0,0.0,-0.0
-0.0,-0.0,0.0,0.0,0.0,0.0,-0.0,-0.0,0.0,-0.0
-0.0,-0.0,0.0,-0.0,0.0,0.0,-0.0,-0.0,0.0,-0.0
0.0,-0.0,0.0,-0.0,0.0,-0.0,0.0,-0.0,0.0,-0.0
-0.0,-0.0,-0.0,-0.0,0.0,-0.0,0.0,-0.0,-0.0,-0.0
-0.0,-0.0,-0.0,0.0,0.0,0.0,0.0,-0.0,-0.0,-0.0
-0.0,0.0,0.0,-0.0,0.0,0.0,0.0,0.0,-0.0,-0.0
0.0,0.0,0.0,0.0,0.0,0.0,0.0,-0.0,-0.0,-0.0
-0.0,0.0,0.0,-0.0,0.0,0.0,0.0,0.0,-0.0,-0.0
-0.0,0.0,-0.0,-0.0,0.0,0.0,0.0,0.0,-0.0,0.0
-0.0,0.0,0.0,0.0,0.0,0.0,-0.0,0.0,0.0,0.0
0.0,0.0,0.0,0.0,0.0,0.0,0.0,0.0,0.0,0.0
0.0,0.0,0.0,0.0,0.0,0.0,0.0,0.0,0.0,0.0
0.0,0.0,0.0,0.0,0.0,0.0,0.0,0.0,0.0,0.0
0.0,0.0,0.0,0.0,0.0,0.0,0.0,0.0,0.0,0.0
0.0,0.0,0.0,0.0,0.0,0.0,0.0,0.0,0.0,0.0
0.0,0.0,0.0,0.0,0.0,0.0,0.0,0.0,0.0,0.0
0.0,0.0,0.0,0.0,0.0,0.0,0.0,0.0,0.0,0.0
-0.0,0.0,0.0,-0.0,0.0,0.0,-0.0,0.0,0.0,-0.0
0.0,0.0,0.0,0.0,0.0,0.0,0.0,0.0,-0.0,-0.0
-0.0,0.0,0.0,-0.0,0.0,-0.0,0.0,-0.0,-0.0,-0.0
0.0,0.0,0.0,0.0,-0.0,-0.0,0.0,0.0,0.0,-0.0
-0.0,-0.0,0.0,0.0,-0.0,0.0,-0.0,0.0,-0.0,-0.0
0.0,-0.0,0.0,0.0,-0.0,-0.0,-0.0,0.0,-0.0,-0.0
-0.0,-0.0,0.0,0.0,-0.0,-0.0,-0.0,0.0,0.0,0.0
0.0,-0.0,-0.0,0.0,-0.0,-0.0,-0.0,0.0,0.0,0.0
0.0,-0.0,0.0,0.0,-0.0,-0.0,-0.0,-0.0,0.0,0.0
0.0,-0.0,0.0,0.0,-0.0,0.0,-0.0,0.0,-0.0,0.0
0.0,-0.0,0.0,0.0,-0.0,-0.0,-0.0,0.0,0.0,0.0
0.0,-0.0,0.0,0.0,-0.0,-0.0,-0.0,0.0,0.0,0.0
0.0,-0.0,-0.0,0.0,-0.0,0.0,-0.0,0.0,0.0,0.0
0.0,0.0,-0.0,0.0,-0.0,0.0,-0.0,0.0,-0.0,0.0
0.0012584991362578984,-0.0017407119161030277,0.0006750269896588091,-0.0008810773065371809,-0.000675491414262919,0.0007370415699928956,-0.00016393704564438772,0.0,0.0008612844311168932,0.000250841510691211
0.0035946867568263587,0.0,-0.026346461889000156,-0.020483821539589935,-0.05704358192520996,0.02916981448652692,-0.05640569698935946,-0.016241209210339627,-0.03343354926312014,0.005110077575812473
0.09711223903217595,0.0,-0.05925766086389566,0.1189386236422564,0.015820580882644476,-0.03968710533470749,-0.05978729578373848,0.0,0.07701705287492143,0.0
0.11792407325158147,-0.01899072779134058,-0.097088830228399,0.0,0.020204704548205683,0.0,-0.14487054723853623,0.0,-0.07602597582266518,-0.1312156917179046
0.0,0.00023977856084884334,-0.02246314393440009,-0.050926460351340595,0.0,0.025932490734860373,-0.007423979661207649,-0.043104615616819525,0.0,-0.03636718537523218
-0.0,0.0,-0.0,-0.0,0.0,0.0,-0.0,-0.0,-0.0,-0.0
-0.0,-0.0,0.0,0.0,-0.0,0.0,-0.0,0.0,0.0,0.0
0.0,0.0,0.0,0.0,0.0,0.0,0.0,0.0,0.0,0.0
0.0,0.0,0.0,0.0,0.0,0.0,0.0,0.0,0.0,0.0
0.0,0.0,0.0,0.0,0.0,0.0,0.0,0.0,0.0,0.0
0.0,0.0,0.0,0.0,0.0,0.0,0.0,0.0,0.0,0.0
0.0,0.0,0.0,-0.0,0.0,0.0,0.0,0.0,0.0,0.0
0.0,0.0,0.0,0.0,0.0,0.0,-0.0,0.0,-0.0,0.0
0.0,0.0,0.0,0.0,0.0,-0.0,0.0,0.0,-0.0,0.0
0.0,0.0,0.0,0.0,0.0,0.0,0.0,-0.0,-0.0,-0.0
0.0,-0.0,0.0,0.0,0.0,-0.0,-0.0,0.0,0.0,-0.0
0.0,0.0,-0.0,0.0,0.0,0.0,0.0,0.0,0.0,-0.0
-0.0,-0.0,0.0,0.0,0.0,0.0,-0.0,0.0,0.0,-0.0
0.0,0.0,-0.0,0.0,-0.0,-0.0,-0.0,0.0,0.0,-0.0
0.0,0.0,-0.0,-0.0,0.0,0.0,0.0,0.0,0.0,-0.0
0.0,-0.0,0.0,0.0,0.0,0.0,-0.0,0.0,-0.0,-0.0
-0.0,0.0,0.0,0.0,-0.0,0.0,-0.0,0.0,-0.0,0.0
6.255563990769874e-05,-0.005354474175589726,-0.00012096130189057718,0.0,-0.0043133038363498254,-0.0026466714270874108,0.0,0.0011408442288848666,-0.0016039545287337893,0.0037326177117016947
0.025724410495845493,0.0,0.012616715365784533,0.014157699288258758,-0.05433264470853411,0.023841744465511194,0.0,-0.029522804021018152,-0.01662334430514834,0.045844430404757996
0.0,-0.015899213505938935,0.0,0.0012791575122351549,-0.013577889492233503,-0.013342444699578447,0.001818798119582225,-0.004766294847092571,0.005841473784153789,0.01424765575765529
-0.0055385876638767,0.0,0.0,-0.006894290075118704,-0.12909453236757207,0.01955342943394139,-0.107947285430689,-0.0014061089100640394,-0.032000691093730695,0.11199943091115461
0.13874750848867556,-0.08650079201432205,-0.1455820720904687,0.0,-0.10883657763497463,0.0020778651364961346,-0.2587358477501376,0.09632868353817099,-0.09075456215320493,0.06633980409119199
0.1166352998037957,0.0,0.0,-0.14729096421399798,-0.19644779619623626,0.06778092758333237,-0.47534937121111054,0.08745172039159838,0.03746158262740583,0.07693216645868928
0.1824659583583654,0.038358977355072106,-0.27717904358687334,-0.05258733999119239,0.0,-0.0664469011597331,-0.10666013356852357,0.0,-0.21782520456441776,-0.2366953596329728
0.0,0.28286050135396484,0.022431700579249553,0.2597206026651672,0.04896702986408986,0.0,-0.507672449211323,0.1968552518891498,0.17659055129657714,-0.06837752149889506
0.0,0.0,0.0,-0.8100817004640671,0.235799443071162,0.08032506660239823,0.0,0.20742288638013623,0.16011707853909468,-0.19901505528615124
-0.13343281491972336,0.0,0.7605813159585906,-0.2817595592032286,0.18432108123138213,0.8566335248241514,-1.039128081683708,0.0849680033273368,0.0,-0.5888665489980126
0.0,0.0,-0.7936879923247394,-0.09437029531804118,0.4938882678314055,0.0,-0.4744375546772393,0.0,0.303540113873504,-0.03407689204496567
-0.0,-0.0,-0.0,-0.0,-0.0,0.0,0.0,0.0,-0.0,-0.0
-0.0,0.0,0.0,0.0,-0.0,0.0,0.0,-0.0,-0.0,-0.0
0.0,0.0,0.0,0.0,0.0,-0.0,0.0,0.0,-0.0,0.0
0.0,0.0,0.0,0.0,0.0,0.0,0.0,0.0,0.0,0.0
0.0,0.0,0.0,0.0,0.0,0.0,0.0,0.0,0.0,0.0
0.0,0.0,0.0,0.0,0.0,0.0,0.0,0.0,0.0,0.0
0.0,0.0,0.0,-0.0,0.0,0.0,0.0,0.0,0.0,0.0
0.0,0.0,-0.0,0.0,0.0,0.0,0.0,0.0,0.0,-0.0
0.0,0.0,0.0,0.0,-0.0,-0.0,0.0,0.0,0.0,0.0
-0.0,0.0,0.0,0.0,0.0,-0.0,-0.0,0.0,0.0,0.0
0.0,-0.0,0.0,-0.0,-0.0,-0.0,-0.0,0.0,0.0,-0.0
0.0,-0.0,0.0,0.0,0.0,-0.0,-0.0,0.0,0.0,-0.0
-0.0,0.0,0.0,-0.0,-0.0,0.0,-0.0,0.0,-0.0,0.0
0.0,-0.0,-0.0,-0.0,0.0,0.0,0.0,0.0,0.0,-0.0
-0.0,-0.0,0.0,0.0,-0.0,0.0,-0.0,0.0,0.0,-0.0
-0.0,-0.0,0.0,-0.0,-0.0,0.0,0.0,0.0,-0.0,-0.0
0.0019382624344562822,-5.803375597151894e-05,0.0003155992718038806,0.000547954871620368,-0.0006594881243338558,0.0,-0.0023409805373364265,0.002116484359340456,0.0008114189776223408,-0.0014448483840781496
-0.35509566831768935,0.139306012020148,0.02157204330853199,0.0,-0.17500862773675221,-0.22375241101014867,-0.11250922398899733,-0.07573475597070818,0.03635882138471113,0.308724299931798
0.44515342636937655,-0.005483062153364414,0.0,0.0,-0.4714506512330787,-0.1429205998202037,-0.8086882343717788,0.0,-0.20420842232187034,0.19520931956199009
0.0456602766246436,0.0,-0.2095364946524629,0.07736561682721667,-0.2411923070971884,-0.04651853919047602,-0.5087991539153625,0.4896185064887077,-0.13083732606580636,0.23400932051253476
0.7074319338101127,-0.5784061292502363,-0.16372404721473777,0.09881558190751243,-0.6580988549149156,-0.1632739533556885,-0.23229271318704595,0.11971971380792629,0.1832720050914968,0.04714859558558969
0.6467498357619124,0.0,0.04247793166385519,0.0,-0.10362897971876804,0.0,-0.1268274718529514,0.21526668478699704,-0.16422527677492132,0.0
0.24475953848573043,0.0,-0.2635155901513974,0.3753865390399712,0.0,-0.3231393553859997,-0.8322921128199043,0.39261707801922713,-0.2341572283579907,-0.15162509713990466
-0.014919736509419216,0.0,0.06279293670918949,0.08332337743381832,-0.17591116217352873,0.27098559121510624,-1.2763491127643902,0.20395392248869634,0.31078643939317624,-0.039269754078268056
0.10092422002381934,-0.18702449277383873,0.14273590470363182,0.22115649852942623,-0.2911915532405931,0.2829535306195398,-1.3373745775155959,0.43137216089107216,-0.05918257410631011,-0.18042014449279634
0.07022229788228108,-0.5879238541033843,-0.14445573263559303,0.03160927949460371,0.0,0.4786086395833354,-0.7363359967749354,0.0,-0.04228705783091167,0.23270096571614707
0.09363634550173137,0.0,0.0,0.0,-0.274331798784489,-0.650319959747322,-0.2513576397293879,0.5841293706481846,0.5230359438349823,-0.22754272188970856
0.08165249948116064,0.0,0.19419450737629537,-0.47144375512307723,-0.14764949481712636,0.19258815180823208,-0.8108186636270693,0.07962525729306104,0.0,-0.1339387638685945
-0.0,-0.0,-0.0,-0.0,-0.0,0.0,-0.0,-0.0,0.0,-0.0
-0.0,0.0,0.0,0.0,0.0,0.0,0.0,-0.0,-0.0,-0.0
0.0,0.0,0.0,0.0,-0.0,0.0,0.0,0.0,0.0,0.0
0.0,0.0,0.0,0.0,0.0,0.0,0.0,0.0,0.0,0.0
0.0,0.0,0.0,0.0,0.0,0.0,0.0,0.0,0.0,0.0
0.0,0.0,0.0,0.0,0.0,0.0,0.0,0.0,0.0,0.0
0.0,0.0,0.0,0.0,0.0,0.0,0.0,0.0,0.0,0.0
0.0,0.0,0.0,0.0,0.0,0.0,-0.0,0.0,0.0,-0.0
-0.0,0.0,0.0,0.0,-0.0,0.0,0.0,0.0,-0.0,-0.0
0.0,-0.0,0.0,0.0,0.0,-0.0,-0.0,0.0,0.0,-0.0
0.0,0.0,-0.0,0.0,0.0,0.0,-0.0,0.0,0.0,0.0
0.0,0.0,0.0,0.0,0.0,-0.0,0.0,0.0,0.0,0.0
0.0,0.0,-0.0,-0.0,0.0,0.0,0.0,0.0,0.0,-0.0
0.0,0.0,-0.0,0.0,-0.0,0.0,-0.0,0.0,0.0,0.0
0.0,0.0,0.0,0.0,-0.0,-0.0,-0.0,-0.0,0.0,0.0
0.0,0.0,0.0,-0.0,0.0,0.0,0.0,-0.0,0.0,0.0
-0.12433736430885023,-0.06909932834260253,-0.047275127626778074,-0.06637026121128442,-0.2531558638270496,0.01573989598226656,0.0,0.5614469056208726,-0.026713812167801845,-0.01684647668120345
0.29304087463467154,0.1869236061962699,-0.2946908489492329,-0.38500697456173105,-0.2199964539368858,-0.01542489787322017,-0.7426851662267822,-0.1084533528806243,0.008250266951695288,0.0
0.0,0.0,0.018625785855077476,0.0,-0.8854946410862601,-0.4008439311329836,0.0,0.4762996330964148,-0.27279753597562156,0.373259070583215
0.0,0.2928945084059383,0.15099494163931512,0.1640513243798282,-0.5908601962312504,-0.5834510368570095,-0.7387832837574109,0.2834011748634942,-0.5309202732616891,0.3441803697266943
0.05373482782805048,0.2982569647885783,0.2679595279780916,0.0,0.0,-0.5250920122250395,-0.49928890386648933,-0.0406647431991992,-0.11723500540277076,-0.2514573683365446
0.14175875913304142,0.0,-0.12340679020608654,0.15663104072331685,-0.22617364324170616,-0.1990096863126739,-0.8135074470456737,0.7514774367526379,-0.038082792462860345,-0.1374330745305422
0.07110731750084558,0.0,0.026627402725907506,0.0,-0.1285665700892962,-0.043101722635538436,-0.4923569899715221,0.0058463344405742836,0.016414041308525605,-0.006523504666175888
0.2263557545380802,-0.22687114707937092,0.0,0.12025233060119486,0.0,-0.11372873992944402,-0.1368163494749416,0.035828049989998355,-0.03387116422841195,-0.155973240251285
0.11455485398298615,0.0,-0.03223332281166492,0.03528546807009236,-0.04725770088830369,-0.05679832051252278,0.0,0.0,0.0,0.0554633145441114
0.0047097425332625524,0.0,-0.04808765985892229,0.31913704134168525,0.0,0.15039501145362946,-0.2364019188421745,0.007984859063552882,0.28060753401510036,-0.16460434497764315
-0.0801502168447716,0.0,0.0,0.20751779124153524,0.05923166314106458,0.5109395874464477,0.0,0.015567681463558355,0.0,-0.09106158455516478
0.002134587885811377,0.0,0.0,-0.010212173017752402,0.0,0.0,0.0023022693774248913,0.0,0.0034069557282874674,-0.00551301628140811
-0.0,-0.0,-0.0,-0.0,-0.0,0.0,-0.0,0.0,-0.0,0.0
-0.0,0.0,0.0,0.0,-0.0,0.0,-0.0,-0.0,0.0,-0.0
0.0,0.0,0.0,0.0,-0.0,0.0,0.0,0.0,0.0,0.0
0.0,0.0,0.0,0.0,0.0,0.0,0.0,0.0,0.0,0.0
0.0,0.0,0.0,0.0,0.0,0.0,0.0,0.0,0.0,0.0
0.0,0.0,0.0,0.0,0.0,0.0,0.0,0.0,0.0,0.0
0.0,0.0,0.0,-0.0,0.0,0.0,0.0,0.0,0.0,-0.0
0.0,0.0,0.0,0.0,-0.0,-0.0,-0.0,0.0,-0.0,-0.0
-0.0,0.0,-0.0,-0.0,0.0,0.0,0.0,0.0,0.0,0.0
-0.0,-0.0,0.0,-0.0,-0.0,-0.0,0.0,0.0,-0.0,0.0
0.0,0.0,0.0,0.0,-0.0,0.0,-0.0,0.0,0.0,0.0
0.0,0.0,-0.0,0.0,0.0,0.0,0.0,0.0,0.0,-0.0
0.0,0.0,0.0,0.0,0.0,0.0,0.0,0.0,0.0,0.0
0.0,-0.0,0.0,-0.0,0.0,0.0,-0.0,0.0,0.0,-0.0
-0.0,0.0,0.0,-0.0,0.0,0.0,0.0,0.0,0.0,0.0
-0.0,0.0,0.0,-0.0,0.0,0.0,-0.0,-0.0,0.0,0.0
0.0,0.0,0.0,-0.3832911613119332,0.04523482699872808,0.4552807399088912,-0.1373541397747334,-0.2534508743366882,0.13840451193689485,-0.17583571237817333
-0.08487400249613572,0.09695195274422273,0.0,0.3734533114647266,-0.2973920929732486,0.33850903100985064,0.0,0.9994599530537523,-0.01691528326519767,-0.2535072927648636
0.03723788490552275,0.9578047070006709,0.010399037729179049,0.21128017665114412,-0.6098864138072241,-0.07733127072615634,-0.39938129765995867,0.0,-0.3143099776006856,0.0
0.00365742229231685,0.17375909972641265,-0.0923944997635024,0.012191039139869228,0.0,0.005162182548214424,-0.031204975340554483,0.08589032228901583,-0.14658122401417414,-0.08276401322739264
0.0,0.00438129315180847,-0.019559872323237096,0.03032684278999633,-0.03842962689901584,-0.02276796119370997,-0.03807897927687526,0.0667497666628607,-0.02174557367457726,-0.010701341188984165
0.0,0.0,0.0,0.0,0.0,-0.0,-0.0,0.0,-0.0,-0.0
0.0,-0.0,0.0,0.0,0.0,-0.0,-0.0,0.0,-0.0,-0.0
-0.0,0.0,-0.0,0.0,-0.0,-0.0,-0.0,0.0,0.0,0.0
0.0,-0.0,-0.0,0.0,-0.0,-0.0,0.0,0.0,0.0,-0.0
0.0,0.0,-0.0,0.0,-0.0,0.0,-0.0,0.0,0.0,-0.0
0.0,-0.0,-0.0,0.0,0.0,0.0,-0.0,0.0,0.0,0.0
0.0,-0.0,-0.0,0.0,-0.0,0.0,0.0,0.0,0.0,-0.0
0.0,-0.0,-0.0,-0.0,-0.0,0.0,0.0,-0.0,0.0,-0.0
-0.0,0.0,0.0,0.0,-0.0,0.0,-0.0,-0.0,-0.0,0.0
0.0,0.0,0.0,0.0,-0.0,0.0,0.0,0.0,0.0,0.0
0.0,0.0,0.0,0.0,0.0,0.0,0.0,0.0,0.0,0.0
0.0,0.0,0.0,0.0,0.0,0.0,0.0,0.0,0.0,0.0
0.0,0.0,0.0,0.0,0.0,0.0,0.0,0.0,0.0,0.0
0.0,0.0,0.0,-0.0,-0.0,0.0,0.0,0.0,0.0,-0.0
0.0,0.0,-0.0,0.0,0.0,-0.0,0.0,0.0,-0.0,-0.0
-0.0,0.0,0.0,0.0,0.0,0.0,0.0,0.0,-0.0,-0.0
-0.0,0.0,0.0,0.0,-0.0,-0.0,0.0,0.0,0.0,0.0
0.0,-0.0,0.0,0.0,0.0,0.0,-0.0,0.0,0.0,0.0
0.0,-0.0,0.0,-0.0,-0.0,0.0,0.0,0.0,0.0,0.0
-0.0,-0.0,-0.0,-0.0,0.0,0.0,-0.0,-0.0,0.0,0.0
-0.0,-0.0,-0.0,-0.0,0.0,0.0,0.0,-0.0,0.0,0.0
-0.0,-0.0,-0.0,-0.0,0.0,0.0,-0.0,0.0,0.0,0.0
0.17828575394738605,0.0,-0.11875992165999907,-0.17357237593845926,-0.02993996710549139,0.14236975415377212,-0.3495218022173575,0.09835153564726115,0.22044875643308265,0.03341581585471282
-0.6474814271144788,-0.6795600479149457,-0.8376423176081158,-0.061478872540707184,0.3868344004446111,0.08156729053870783,0.10065583185396805,-0.13836134512200585,0.31967272458058665,-0.007115848260684066
0.029907610020547173,0.8075173860226483,-1.0572830989792037,0.08411170995537445,-1.2234407137388865,0.31889146044781574,0.15499260334214546,0.10033865508280419,0.3808584823681637,-0.1060977078434042
-0.14535321029896725,0.0,-0.21400165787549003,0.014732050902774008,-0.301457586936257,-0.007792679179037833,0.0,0.09899691558202504,0.0477950229145851,-0.20685976799315176
-0.0,0.0,-0.0,0.0,0.0,-0.0,-0.0,0.0,-0.0,0.0
-0.0,0.0,0.0,0.0,0.0,-0.0,0.0,0.0,-0.0,0.0
0.0,0.0,-0.0,0.0,0.0,-0.0,-0.0,0.0,-0.0,0.0
-0.0,0.0,-0.0,0.0,-0.0,-0.0,-0.0,0.0,0.0,0.0
0.0,-0.0,0.0,0.0,0.0,-0.0,0.0,0.0,0.0,0.0
0.0,-0.0,-0.0,0.0,-0.0,-0.0,-0.0,0.0,0.0,0.0
0.0,0.0,-0.0,-0.0,-0.0,-0.0,-0.0,0.0,-0.0,0.0
0.0,0.0,0.0,-0.0,-0.0,-0.0,-0.0,0.0,0.0,0.0
0.0,0.0,0.0,0.0,-0.0,0.0,0.0,-0.0,0.0,-0.0
0.0,0.0,0.0,-0.0,-0.0,0.0,-0.0,-0.0,0.0,0.0
-0.0,-0.0,0.0,0.0,0.0,0.0,-0.0,0.0,0.0,-0.0
0.0,0.0,0.0,0.0,0.0,0.0,-0.0,0.0,0.0,0.0
0.0,0.0,0.0,0.0,0.0,0.0,0.0,0.0,0.0,0.0
0.0,0.0,0.0,0.0,0.0,0.0,0.0,0.0,0.0,0.0
0.0,0.0,0.0,0.0,0.0,0.0,0.0,0.0,0.0,0.0
0.0,0.0,0.0,0.0,-0.0,0.0,0.0,0.0,0.0,-0.0
0.0,0.0,-0.0,0.0,0.0,0.0,-0.0,0.0,0.0,-0.0
-0.0,0.0,0.0,0.0,-0.0,0.0,-0.0,0.0,-0.0,-0.0
0.0,0.0,0.0,-0.0,0.0,0.0,-0.0,0.0,0.0,0.0
0.0,0.0,-0.0,-0.0,0.0,0.0,0.0,-0.0,0.0,0.0
0.0,0.0,-0.0,-0.0,0.0,0.0,-0.0,0.0,0.0,0.0
-0.0,0.0,-0.0,-0.0,0.0,0.0,0.0,0.0,-0.0,-0.0
-0.001137245442776442,0.005264049151493021,-0.01481474506968536,0.0,0.0,-0.003955472061518167,0.0,-0.0042864269596253985,-0.0017897039308147791,0.00233117102895685
-0.04926384525685552,-0.3391399681892099,-0.2688390646603277,0.022862283071320984,0.18822717249853066,0.11418818516642752,-0.0564333441041607,-0.1808104275614493,-0.025751300997455394,0.020266423531422335
0.0,0.0,-1.458308295109879,-0.3784694479730648,0.44819232803066344,0.23570061951297114,0.6222432959097969,-0.19728620097280827,-0.35170571613846174,0.16777065037199557
0.21844372387595917,0.07979003502382086,-1.139122111861681,0.3141971521483764,1.3391842827492346,0.2590479297593764,0.027111830958393947,-0.29240866699855106,0.19489438830343647,0.0
0.0,0.07336771351431247,-0.0681645229064565,0.024870578461848942,0.0,0.1904641058993461,0.14466816645628494,-0.5976184229401235,0.13947032154648148,0.0035969851117369027
-0.0,0.0,-0.0,0.0,-0.0,-0.0,-0.0,-0.0,-0.0,0.0
-0.028289358552636444,0.009664255767707226,-0.027158602006485198,0.010198770787936353,0.008668182915297728,0.003907299012347901,-0.01268224233642404,0.015730698230596835,0.003756781887725513,0.00788536141369797
-0.026821953808754007,0.0002805764531883214,-0.002541827569175001,0.018437435027781283,0.008631353292005192,-0.018008122925774767,-0.0021772707725034816,0.03466844289452099,0.013698065198374165,0.0
0.0,0.0,-0.01677258504218159,-0.01175619746154554,0.0,-0.040317142735471316,-0.012773175053468727,0.02915974193792723,-0.0044669241837461526,0.017201890589589177
-0.005002135731049481,0.0,-0.0075901323369169296,0.0,0.0005014291285957502,-0.006459873643552585,0.0,0.006907697687473335,0.0,0.00876372363351928
0.0,-0.0,0.0,0.0,0.0,-0.0,-0.0,0.0,0.0,0.0
0.0,0.0,0.0,0.0,0.0,0.0,-0.0,-0.0,0.0,0.0
0.0,0.0,0.0,-0.0,0.0,-0.0,0.0,-0.0,0.0,0.0
0.0,0.0,-0.0,-0.0,0.0,-0.0,0.0,0.0,0.0,0.0
0.0,0.0,-0.0,-0.0,-0.0,-0.0,0.0,-0.0,0.0,0.0
0.0,0.0,0.0,-0.0,0.0,-0.0,0.0,-0.0,0.0,-0.0
0.0,0.0,0.0,0.0,-0.0,0.0,-0.0,0.0,0.0,-0.0
0.0,0.0,0.0,0.0,-0.0,0.0,-0.0,0.0,0.0,0.0
0.0,0.0,0.0,0.0,0.0,0.0,0.0,0.0,0.0,0.0
0.0,0.0,0.0,0.0,0.0,0.0,0.0,0.0,0.0,0.0
0.0,0.0,0.0,0.0,0.0,0.0,0.0,0.0,0.0,0.0
0.0,0.0,0.0,0.0,0.0,0.0,0.0,0.0,0.0,-0.0
0.0,0.0,-0.0,-0.0,-0.0,0.0,0.0,0.0,0.0,-0.0
0.0,0.0,-0.0,-0.0,-0.0,0.0,-0.0,0.0,0.0,0.0
0.0,0.0,-0.0,0.0,0.0,0.0,0.0,0.0,0.0,0.0
0.0,0.0,-0.0,0.0,0.0,-0.0,0.0,0.0,0.0,-0.0
0.0,0.0,-0.0,-0.0,0.0,0.0,-0.0,-0.0,0.0,0.0
0.0,0.0,-0.0,-0.0,0.0,0.0,0.0,-0.0,0.0,0.0
0.0034890080371269803,0.0,0.0,-0.011649151228816428,0.18068349494919922,0.026805258381334334,0.0,-0.10347885735393879,0.09859877489694095,0.11471902936382877
0.24712598529301466,-1.507842779172799,-0.05589190483136435,-0.4571957477565869,0.4981572936629526,0.012435088030469563,0.5261320026990662,0.04168429168831158,-0.5394363237636988,0.16406163148008704
-0.31043924040030485,-0.7136570483389486,0.11935890497800926,0.08228080899649332,0.6133156882432613,0.1002933514318715,-0.18277574554258033,-0.1556474278995153,-0.1247482781716705,0.0755630271782871
0.0,0.0,0.10529627601276924,0.1413872707368593,0.35692146238799705,0.37131585085626667,0.16885456365917295,-0.20612125910780513,0.34607485864709314,0.028667236459466415
-0.20347885565780402,0.0,0.0,0.05500713990127506,-0.15429715600672728,0.014637061541345987,-0.04667957932235212,-0.32083457912621133,0.10592115319183165,0.0062008224052397636
0.0,0.4416689254853198,-0.2047322051531118,0.0,-0.1526959360647044,-0.30296920337568434,-0.2397621420606448,-0.45659823033314295,-0.45246439948241457,0.0
-1.377144040346274,0.6266149253915224,-0.06643084825539165,-0.2614588474209374,0.1952071905717965,-0.16329280604933571,0.294444776019534,-0.1217912002801528,0.2649468742461126,0.3073655661865285
-0.15024884597378166,0.38614875962568623,-0.3946387057681749,0.3210875182646507,0.0,-0.43737804952465803,-0.0804220951871169,0.0,0.19661418020500615,0.4651610581017397
-0.06528321834083207,0.4838041637597607,-0.009229999056876662,0.0,0.18324178508876324,-0.40981465986858157,-0.2353221639586822,-0.2600136028191583,-0.33875950848562875,0.0
-0.07710005842117543,0.0,0.0,0.11290759031798175,0.06773563224170297,-0.14633306013858707,-0.016800350796056223,-0.31350625374590885,-0.015581335476737243,0.19095128982615764
-0.013115159937310493,-0.4578794755590607,-0.1257872958083185,0.0,-0.05586693871080417,0.0,0.0,-0.29294327460591774,0.0,0.12013349743214496
-0.0,-0.0,-0.0,-0.0,0.0,0.0,0.0,0.0,0.0,0.0
0.0,0.0,0.0,-0.0,0.0,0.0,0.0,0.0,-0.0,0.0
0.0,-0.0,0.0,-0.0,0.0,0.0,0.0,0.0,0.0,0.0
0.0,0.0,-0.0,0.0,-0.0,-0.0,0.0,-0.0,0.0,0.0
0.0,0.0,0.0,-0.0,-0.0,-0.0,0.0,0.0,-0.0,-0.0
0.0,0.0,0.0,0.0,0.0,-0.0,0.0,0.0,0.0,-0.0
0.0,0.0,0.0,0.0,0.0,0.0,-0.0,0.0,0.0,0.0
0.0,0.0,0.0,0.0,0.0,0.0,0.0,0.0,0.0,0.0
0.0,0.0,0.0,0.0,0.0,0.0,0.0,0.0,0.0,0.0
0.0,0.0,0.0,0.0,0.0,0.0,0.0,0.0,0.0,0.0
0.0,0.0,0.0,0.0,0.0,0.0,0.0,0.0,0.0,0.0
-0.0,0.0,0.0,0.0,0.0,0.0,0.0,0.0,0.0,0.0
-0.0,0.0,0.0,-0.0,0.0,0.0,0.0,0.0,-0.0,0.0
0.0,0.0,-0.0,-0.0,0.0,0.0,0.0,0.0,0.0,0.0
0.0,0.0,-0.0,-0.0,0.0,0.0,0.0,-0.0,-0.0,0.0
0.0,0.0,0.0,-0.0,0.0,-0.0,0.0,0.0,-0.0,-0.0
0.0,0.0,0.027052120794248936,0.0,0.019969119244358558,0.009461586229124304,0.06435387402473668,0.0284305075364033,-0.0975785122356966,0.0
0.0,0.0,-0.3224783160713098,-0.06141557632205654,0.09241568720078971,0.011333286187913896,0.02749180094665216,-0.2931245837367324,-0.6759162775559684,0.023868931137486282
0.0,-0.401468827030743,-0.46725953039893287,-0.2113623926498616,0.41994868831517634,0.5984077192717507,0.10751366366191621,-0.5088162237036621,-0.3862369839129851,0.003256044219480572
0.05364404308750002,-0.9245139943550864,-0.06720546369065211,-0.4453188290019374,0.15303065032073818,0.03534018292767774,0.5371446644026523,-0.3240846896454928,0.6345822797095918,0.051362874528712445
0.05378877534350605,-0.08436685441892967,0.09567167506503993,0.6052975847675308,0.6297620988498295,0.21996836768529743,0.20398626087548918,-1.32183186952987,0.37243981612437643,0.47439046484363934
0.3518501874546954,0.23635183449860425,-0.23810831553269743,-0.03670930238536973,-0.541289287814382,-0.14407177573895072,0.0,-0.26758266052101676,-0.019941660204210062,-0.1381425340927035
-1.7768975327919538,0.4078671588972946,-0.09362150384853438,-0.39089780896036863,-0.04682025215569391,-0.008890474460255527,-0.24357559363891923,-0.41711875497739365,-0.20654419865141088,-0.09417676082069285
-0.37068569284474157,0.19029614296303096,-0.5186311792070012,0.0,0.129558420768037,-0.25732852864430206,-0.12111652234342654,0.0,0.056153921671574084,0.1364590007226304
-1.152529519788849,0.0,0.03930676394326389,0.2933409464108181,0.32247081947820755,-0.14094446613040104,0.27413525803431305,0.0,0.2290222168523427,-0.10170714427574978
0.0,-0.5341008503422101,-0.20167389315064677,-0.10297312820580101,0.5761897357209521,-0.2924647624536601,-0.47337923195290965,0.0,-0.05887924089246888,0.09389014803102413
0.0,-0.363273909006009,0.0,-0.1651449528683127,0.030488212275478373,-0.10723362904677777,-0.08732023287419009,0.5251280823402922,-0.1435371096930868,-0.15502909912835092
-0.10401845347290684,0.0,-0.22920234608007609,-0.32885544228250824,0.4088294218148334,-0.281613599494087,0.023218717336496962,1.0452805252444117,-0.4450633940106622,-0.14093647186238448
0.0,0.0,-0.0,-0.0,0.0,0.0,-0.0,0.0,-0.0,0.0
0.0,-0.0,-0.0,0.0,0.0,-0.0,0.0,0.0,0.0,0.0
0.0,0.0,-0.0,0.0,0.0,0.0,0.0,0.0,-0.0,0.0
0.0,0.0,0.0,0.0,0.0,0.0,0.0,0.0,-0.0,-0.0
0.0,0.0,0.0,0.0,0.0,0.0,0.0,0.0,-0.0,-0.0
0.0,0.0,0.0,0.0,0.0,-0.0,0.0,0.0,0.0,0.0
0.0,0.0,0.0,0.0,-0.0,0.0,-0.0,0.0,0.0,0.0
0.0,0.0,0.0,0.0,0.0,0.0,0.0,0.0,0.0,0.0
0.0,0.0,0.0,0.0,0.0,0.0,0.0,0.0,0.0,0.0
0.0,0.0,0.0,0.0,0.0,0.0,0.0,0.0,0.0,0.0
0.0,0.0,0.0,0.0,0.0,0.0,0.0,0.0,0.0,-0.0
0.0,0.0,0.0,0.0,0.0,0.0,0.0,0.0,0.0,0.0
0.0,0.0,0.0,0.0,0.0,0.0,-0.0,-0.0,0.0,0.0
0.0,0.0,0.0,0.0,0.0,-0.0,-0.0,-0.0,-0.0,-0.0
-0.0,0.0,0.0,-0.0,0.0,-0.0,0.0,-0.0,-0.0,0.0
0.0,-0.0,-0.0,0.0,0.0,-0.0,0.0,-0.0,-0.0,-0.0
0.04041805421080372,0.0,0.0,-0.11736293438789587,0.04935688571777653,0.011473663886160956,0.0,-0.19769612336360426,-0.13133804797051776,0.045577385278395915
0.5583676056716941,-1.0692265316958396,0.03659860573226028,-0.1770847694167421,0.48327004640377946,0.18308777734136325,0.2713077237510373,-0.399563782923604,-0.08332415601206733,-0.17711231505567962
0.3180859146286871,-0.7570941019152936,0.22770069496548714,-0.3167675383340993,0.0,0.0,0.12557091312767396,-0.006652532255729008,-0.08224840648385624,0.19346796773862404
0.0,-0.12693831854145501,0.11651600148527014,-0.032809161447712086,0.7023545044295563,0.0,0.25125540677098607,-0.542258301495247,0.00684617902169458,0.1808414467834138
0.029917781102653196,0.3718226342564084,0.02474710951043316,0.2908129210675465,0.0,0.3696202573283171,0.0,-0.15875203974629323,0.21127801258261825,0.38494617653931223
-0.8681893043417047,0.3798098585118061,0.0,-0.029434633699387338,-0.17389933670020863,-0.37282543164181997,-0.13000107973042746,-0.6218776703177464,0.21872708349836165,-0.2156581363869201
-0.6804130279924663,0.30665269950202656,-0.18087597652633475,-0.12282709038824832,0.0,-0.43519259507064467,0.3017147166821762,-0.4893900753623616,-0.059926000541993873,-0.29724862475178776
0.0,0.0,0.04704981539787265,0.04731640088007699,0.03993249059144178,-0.049103227838008814,-0.009982908108522651,0.0,0.0005104126846981325,0.047998843953238966
-0.026557227201849512,0.021228770343068103,0.003588007081136967,-0.0009439094570105465,0.014240457625856656,-0.0007779554422765706,-0.0032196319078637093,-0.012839122329023395,0.002862385377098233,0.005679455928876484
-0.07328773281552498,0.0,-0.12256351628434554,-0.20856410510364984,0.0745340875432673,-0.23717599114319257,0.0,0.26368654710419065,-0.3131243671932148,-0.041914595243767186
-0.2643080330847764,-0.268744929131055,-0.4238663046195802,-0.4171484577176776,-0.16482923828037785,0.26746203111807504,-0.13144272352997627,0.14435111500243672,-0.27197102742527096,0.0
-0.11410523651104193,-3.0140372903888544,0.17690721215674257,-0.07952361704342907,0.36081845953354785,-0.19293266316816496,-0.19074698595415718,0.023810049412570092,-0.05528171470059846,-0.09356687267226704
0.0,-0.0,-0.0,0.0,-0.0,-0.0,0.0,0.0,-0.0,-0.0
0.0,-0.0,-0.0,-0.0,-0.0,-0.0,0.0,0.0,-0.0,-0.0
0.0,0.0,-0.0,0.0,0.0,0.0,-0.0,0.0,0.0,0.0
0.0,0.0,-0.0,0.0,0.0,0.0,0.0,0.0,-0.0,-0.0
0.0,0.0,0.0,0.0,-0.0,0.0,-0.0,-0.0,-0.0,-0.0
0.0,0.0,0.0,-0.0,0.0,-0.0,0.0,-0.0,0.0,0.0
0.0,0.0,0.0,0.0,0.0,0.0,-0.0,0.0,0.0,0.0
0.0,0.0,0.0,0.0,0.0,0.0,0.0,0.0,0.0,0.0
0.0,0.0,0.0,0.0,0.0,0.0,0.0,0.0,0.0,0.0
0.0,0.0,0.0,0.0,0.0,0.0,0.0,0.0,0.0,0.0
0.0,0.0,-0.0,0.0,0.0,0.0,0.0,0.0,0.0,0.0
-0.0,0.0,0.0,0.0,-0.0,0.0,0.0,0.0,0.0,0.0
0.0,0.0,0.0,0.0,-0.0,0.0,0.0,0.0,0.0,0.0
0.0,-0.0,-0.0,0.0,-0.0,0.0,-0.0,-0.0,-0.0,0.0
0.0,-0.0,0.0,-0.0,0.0,-0.0,0.0,0.0,-0.0,-0.0
0.0,-0.0,0.0,-0.0,0.0,-0.0,0.0,0.0,0.0,-0.0
0.042293947247354774,-0.010398292824491881,-0.06542970335235972,-0.174428116798393,0.11351383604894903,-0.07089082940576123,-0.09650322564030488,0.0,-0.0543046409416714,0.026850556630580592
0.4852198783691671,0.0,0.2781771171782219,0.09694505093375427,0.454473696188033,-0.22623930721142177,0.806945030976423,0.0,-0.07602088199153013,-0.09097038101666922
0.0,-0.3094693792808549,0.0,0.0,0.05202770899978568,0.0,-0.06634835753412022,-0.3335016175413535,0.15769773372803134,0.43062755245609446
0.23014944754324396,0.0,0.08964905920865784,-0.11838126555455417,-0.1323416229869187,-0.011902552231953826,0.42029228185670225,-0.6878800264780877,0.06068045340088685,0.05967557806674531
0.0,-0.21587616025733902,0.08816102748859572,0.0,0.08314741610424212,0.0,-0.010934882189839725,0.0,0.10834092820109881,0.03340783035176328
-0.18646347201614918,0.0,0.03156077131382711,0.0,0.0,-0.0001766565357290095,-0.028881027216705636,-0.0024688639406227108,-0.009604206256295123,-0.021323916960711047
-0.0,0.0,-0.0,-0.0,0.0,-0.0,0.0,-0.0,-0.0,-0.0
-0.0,-0.0,0.0,-0.0,0.0,-0.0,0.0,0.0,0.0,-0.0
-0.06860798963067913,0.04964330948805534,0.0,-0.12507778460725863,0.016728729041867074,-0.09785806554802515,-0.04050725712185714,0.0,0.0027042375930852033,0.006452085762642866
0.0,-1.0929778780686068,0.18208231504094444,-0.0922818165154191,0.4099152788398198,-0.036228910865487164,-0.4477958265234272,0.1406407185951104,-0.208167188162317,0.0
-0.4545431924793663,-1.261626999999188,-0.045261768758925534,0.4899378141548549,0.051217126455391296,-0.361042193340686,0.2647864588353393,0.03931446991473032,-0.443512563754731,-0.2170303219148128
0.0,-0.10319872631260807,0.0,0.024685995694296442,-0.06782561193111591,0.0,0.0,0.09226381177109627,-0.21132484038189395,-0.05410533741917002
0.0,0.0,-0.0,0.0,0.0,0.0,-0.0,0.0,-0.0,0.0
0.0,0.0,0.0,0.0,0.0,0.0,-0.0,0.0,-0.0,-0.0
-0.0,0.0,0.0,0.0,-0.0,0.0,-0.0,0.0,-0.0,0.0
0.0,-0.0,0.0,0.0,0.0,0.0,0.0,0.0,0.0,-0.0
0.0,0.0,0.0,0.0,0.0,0.0,-0.0,-0.0,0.0,-0.0
-0.0,0.0,0.0,-0.0,-0.0,-0.0,0.0,-0.0,-0.0,0.0
0.0,0.0,0.0,0.0,-0.0,0.0,-0.0,0.0,0.0,0.0
0.0,0.0,0.0,0.0,0.0,0.0,0.0,0.0,0.0,0.0
0.0,0.0,0.0,0.0,0.0,0.0,0.0,0.0,0.0,0.0
0.0,0.0,0.0,0.0,0.0,0.0,0.0,0.0,0.0,0.0
0.0,0.0,0.0,0.0,0.0,0.0,0.0,0.0,0.0,0.0
0.0,0.0,0.0,0.0,-0.0,0.0,0.0,0.0,0.0,0.0
0.0,0.0,0.0,0.0,-0.0,0.0,-0.0,0.0,0.0,-0.0
0.0,0.0,0.0,0.0,0.0,0.0,0.0,0.0,-0.0,0.0
0.0,-0.0,0.0,-0.0,0.0,0.0,-0.0,0.0,-0.0,-0.0
0.0,0.0,0.0,0.0,0.0,-0.0,0.0,-0.0,0.0,0.0
0.0,0.0,0.0,0.0,0.0,-0.0,0.0,-0.0,0.0,0.0
0.002839120613899326,-0.022064274582673203,0.007933504247719766,-0.0603549964760207,0.0,-0.029465203069932503,-0.02671729018002465,-0.0010945161056266676,0.02964847741676425,0.0014288274656785384
0.023322629946473585,-0.0023279438422380643,-0.0021903046215822086,-0.04905216306119752,0.0,-0.03479942412486341,0.04927368636338537,-0.0570075939757345,-0.008076544696876358,0.007640568185299476
-0.0,-0.0,0.0,-0.0,-0.0,-0.0,0.0,0.0,0.0,0.0
0.0,0.0,0.0,-0.0,-0.0,-0.0,0.0,0.0,0.0,0.0
-0.0,0.0,0.0,-0.0,0.0,-0.0,0.0,-0.0,0.0,-0.0
-0.0,0.0,0.0,-0.0,0.0,-0.0,-0.0,-0.0,0.0,-0.0
-0.0,0.0,0.0,-0.0,0.0,-0.0,-0.0,0.0,-0.0,0.0
-0.22199095177291409,0.0,0.0,0.0,0.20835111794683245,-0.038339248587945345,-0.028880910890474145,-0.005433137335997548,-0.020361959720223786,-0.07152362821981653
0.12058325299690098,-1.5314366170562204,-0.2106006224634576,0.20636181243297455,0.15707689620641374,0.0,0.023862493749549976,0.0,-0.21566099605779807,-0.08719110734453206
0.0,0.0,0.0,-0.005762801517834519,0.6822161830682459,0.31370036949011565,0.19385319358958558,0.49594355210049607,-0.2188621184792873,0.0
0.0,-0.007052872789983781,-0.03279532839041376,0.0776089172392103,0.0,-0.004279576796031606,0.002171021420985213,-0.039979515095744315,-0.0008142163856637444,-0.03387656784166247
0.0,0.0,-0.0,-0.0,0.0,0.0,0.0,0.0,-0.0,-0.0
-0.0,0.0,-0.0,-0.0,0.0,0.0,-0.0,-0.0,0.0,-0.0
0.0,0.0,0.0,0.0,-0.0,0.0,-0.0,0.0,0.0,-0.0
-0.0,0.0,0.0,0.0,0.0,0.0,0.0,0.0,0.0,0.0
0.0,0.0,0.0,-0.0,-0.0,0.0,0.0,0.0,0.0,-0.0
0.0,-0.0,0.0,-0.0,-0.0,-0.0,-0.0,0.0,-0.0,0.0
0.0,0.0,0.0,0.0,0.0,0.0,-0.0,0.0,0.0,0.0
0.0,0.0,0.0,0.0,-0.0,0.0,-0.0,0.0,0.0,0.0
0.0,0.0,0.0,0.0,0.0,0.0,0.0,0.0,0.0,0.0
0.0,0.0,0.0,0.0,0.0,0.0,0.0,0.0,0.0,0.0
0.0,0.0,-0.0,0.0,0.0,0.0,0.0,0.0,0.0,0.0
-0.0,0.0,0.0,0.0,0.0,0.0,0.0,-0.0,-0.0,-0.0
0.0,0.0,0.0,-0.0,-0.0,0.0,0.0,0.0,0.0,0.0
-0.0,0.0,0.0,0.0,-0.0,0.0,-0.0,0.0,-0.0,-0.0
0.0,-0.0,0.0,0.0,0.0,0.0,-0.0,-0.0,0.0,0.0
0.0,0.0,0.0,-0.0,0.0,0.0,0.0,0.0,0.0,0.0
0.0,-0.0,0.0,0.0,0.0,-0.0,0.0,-0.0,0.0,-0.0
0.0,0.0,0.0,0.0,0.0,-0.0,0.0,-0.0,0.0,-0.0
0.0,-0.0,0.0,-0.0,-0.0,-0.0,0.0,-0.0,0.0,0.0
0.0,-0.0,-0.0,-0.0,-0.0,-0.0,-0.0,0.0,0.0,0.0
0.0,-0.0,0.0,-0.0,0.0,0.0,0.0,-0.0,0.0,-0.0
-0.0,-0.0,0.0,-0.0,0.0,0.0,0.0,0.0,-0.0,-0.0
-0.00506013041580503,0.005387826012895409,0.0023154920939183698,-0.009130383227700285,0.0036244732591232233,0.0,0.0,-0.0036972800339032,-0.008773384673217496,0.003146718496478651
-0.03795293056632292,-0.3029464500458289,0.09828717753350727,0.09083285597747964,0.0,-0.10575022501733104,0.13889956563847594,-0.2259316459227056,-0.04914016358250514,0.07937504760291889
-0.4744041380201845,-1.4358844464080027,0.0,0.5074804040961112,0.07432368946747334,0.09140178195128373,0.0035590562691093747,-0.5809225007185355,-0.3466545239929508,-0.13326066960111285
-0.13101140158363053,0.062326243583173416,0.23693857480824096,0.12724989118213265,-0.5459122734315618,0.23743372101905497,0.0,-0.3116211636689831,-0.2726821741876448,-0.04791361464429849
0.0,0.0,-0.004842620667578826,0.0166831394344675,-0.027342936767254744,-0.014860747378106005,0.01669706528758958,-0.01483480275218689,0.0,-0.0211524819035232
-0.0,0.0,0.0,0.0,0.0,0.0,0.0,0.0,-0.0,0.0
-0.0,0.0,0.0,0.0,0.0,0.0,-0.0,-0.0,-0.0,0.0
0.0,0.0,0.0,0.0,0.0,0.0,0.0,0.0,0.0,0.0
0.0,-0.0,0.0,0.0,0.0,0.0,-0.0,0.0,0.0,-0.0
-0.0,0.0,0.0,0.0,0.0,0.0,0.0,-0.0,-0.0,-0.0
-0.0,0.0,0.0,-0.0,0.0,0.0,-0.0,0.0,-0.0,-0.0
-0.0,0.0,0.0,-0.0,-0.0,-0.0,0.0,0.0,-0.0,0.0
0.0,0.0,0.0,0.0,0.0,0.0,0.0,0.0,0.0,0.0
0.0,0.0,0.0,0.0,0.0,0.0,0.0,0.0,0.0,0.0
0.0,0.0,0.0,0.0,0.0,0.0,0.0,0.0,0.0,0.0
0.0,0.0,0.0,0.0,0.0,0.0,0.0,0.0,0.0,0.0
0.0,0.0,-0.0,-0.0,0.0,0.0,0.0,0.0,0.0,0.0
-0.0,0.0,-0.0,0.0,0.0,0.0,-0.0,0.0,0.0,0.0
-0.0,0.0,0.0,0.0,0.0,0.0,0.0,0.0,-0.0,-0.0
0.0,-0.0,-0.0,0.0,0.0,-0.0,-0.0,0.0,0.0,0.0
0.0,0.0,-0.0,-0.0,0.0,0.0,0.0,0.0,-0.0,0.0
-0.0,0.0,0.0,-0.0,-0.0,-0.0,0.0,-0.0,-0.0,0.0
0.0,-0.0,0.0,-0.0,0.0,0.0,0.0,0.0,0.0,0.0
-0.0,0.0,0.0,-0.0,-0.0,0.0,0.0,0.0,0.0,-0.0
0.0,0.0,0.0,0.0,-0.0,0.0,0.0,-0.0,0.0,0.0
0.0,0.0,0.0,-0.0,0.0,-0.0,0.0,0.0,0.0,0.0
0.0,-0.0,0.0,0.0,-0.0,0.0,0.0,0.0,0.0,0.0
-0.005285935950013221,0.0,0.013937397938153327,-0.011129847487105932,0.00956495298729246,0.0,0.0,0.0,-0.028147511074684394,-0.013230783486380984
-0.28103182960778905,-0.26559805131721975,0.13853945367637963,-0.40639565863629135,0.13636164339218332,0.0,-0.01533661025481945,0.0,-0.19179015794907053,-0.27046391503264033
-0.11702065464674688,0.0,0.34400034275196834,-0.4912735371296843,0.0,0.29895360938495563,0.48634436258619523,0.0,-0.22518408977687002,-0.5488282400948087
0.0,0.6733915077677467,0.1948822196358541,0.09490600741094635,0.0,-0.19366286435194663,0.16004239523129657,-0.21963092415906543,0.0441630412690958,0.013398057043322514
-0.04317118252093703,-0.17045502777227128,0.0,0.08931081409214846,-0.01773997825830979,-0.03733540422402658,0.15169234379460705,0.0,0.0,-0.06759063189705998
-0.0,0.0,0.0,0.0,-0.0,0.0,0.0,-0.0,-0.0,0.0
-0.0,0.0,-0.0,0.0,-0.0,0.0,0.0,0.0,-0.0,-0.0
0.0,0.0,0.0,0.0,-0.0,0.0,0.0,0.0,0.0,0.0
0.0,0.0,0.0,0.0,0.0,0.0,0.0,-0.0,-0.0,-0.0
0.0,-0.0,0.0,-0.0,-0.0,0.0,0.0,0.0,0.0,0.0
0.0,0.0,0.0,0.0,0.0,0.0,0.0,-0.0,0.0,0.0
-0.0,0.0,0.0,-0.0,-0.0,0.0,-0.0,0.0,-0.0,-0.0
-0.0,0.0,0.0,-0.0,0.0,-0.0,-0.0,0.0,-0.0,0.0
0.0,0.0,0.0,0.0,0.0,0.0,0.0,0.0,0.0,0.0
0.0,0.0,0.0,0.0,0.0,0.0,0.0,0.0,0.0,0.0
0.0,0.0,0.0,0.0,0.0,0.0,0.0,0.0,0.0,0.0
0.0,0.0,0.0,0.0,0.0,0.0,0.0,0.0,0.0,0.0
0.0,0.0,0.0,0.0,0.0,0.0,0.0,0.0,0.0,0.0
-0.0,0.0,0.0,0.0,0.0,0.0,0.0,0.0,-0.0,-0.0
0.0,0.0,0.0,0.0,0.0,0.0,-0.0,-0.0,-0.0,-0.0
0.0,-0.0,0.0,0.0,-0.0,0.0,-0.0,0.0,-0.0,0.0
0.0,-0.0,0.0,0.0,0.0,0.0,0.0,-0.0,-0.0,0.0
0.0,0.0,0.0,0.0,-0.0,-0.0,0.0,-0.0,0.0,-0.0
0.0,0.0,0.0,0.0,-0.0,-0.0,-0.0,0.0,0.0,-0.0
-0.0,0.0,0.0,0.0,-0.0,0.0,0.0,-0.0,-0.0,-0.0
0.0,0.0,0.0,-0.0,-0.0,0.0,0.0,-0.0,0.0,-0.0
0.0,0.0,0.0,0.0,0.0,0.0,0.0,-0.0,-0.0,-0.0
0.04364418005366753,0.028252139654021617,0.0,-0.02223749128829587,-0.00944662361300366,-0.014615680609656168,0.06657664224506944,0.0008103364391858756,0.011534943045622978,-0.057826200013708744
0.0,-0.3104767838378139,0.0,-0.007608041792771882,-0.5676949518700382,-0.01604397922010366,-0.08181933932321898,-0.17836578951793364,-0.1374757992879676,-0.16913867126085985
-0.45515775382479357,0.0,-0.24765186425040203,0.050369302603729786,0.032770610829516544,-0.05348155508572256,0.9155312644227304,-0.05475600940405749,-0.4767251276397218,-0.24967017068952904
0.0,-0.2450482996467777,-0.009267292479021702,-0.22651311456813583,0.08942297064135135,-0.30154703059937216,0.0,-0.14075498468053432,0.08740813648236875,-0.33193242078259705
-0.10129272471859076,0.004008063237355005,0.013892732330037275,-0.04085410926139047,0.012989863274398841,0.01728222194283385,0.013494364941717138,-0.11757351063449356,-0.03630475391955348,-0.04102066897076415
0.0,0.0,-0.0,-0.0,0.0,0.0,-0.0,-0.0,-0.0,-0.0
0.0,0.0,0.0,0.0,0.0,0.0,0.0,-0.0,0.0,0.0
0.0,0.0,0.0,0.0,-0.0,0.0,0.0,-0.0,-0.0,0.0
-0.0,0.0,0.0,0.0,-0.0,-0.0,0.0,-0.0,0.0,-0.0
0.0,-0.0,0.0,-0.0,0.0,-0.0,0.0,0.0,0.0,-0.0
0.0,-0.0,0.0,-0.0,0.0,0.0,-0.0,-0.0,0.0,-0.0
-0.0,0.0,0.0,0.0,-0.0,0.0,0.0,-0.0,0.0,-0.0
-0.0,0.0,0.0,-0.0,0.0,0.0,-0.0,0.0,0.0,0.0
-0.0,0.0,0.0,0.0,0.0,0.0,0.0,0.0,-0.0,0.0
0.0,0.0,0.0,0.0,0.0,0.0,0.0,0.0,0.0,0.0
0.0,0.0,0.0,0.0,0.0,0.0,0.0,0.0,0.0,0.0
0.0,0.0,0.0,0.0,0.0,0.0,0.0,0.0,0.0,0.0
0.0,0.0,0.0,0.0,0.0,0.0,0.0,0.0,0.0,0.0
0.0,0.0,0.0,0.0,0.0,0.0,0.0,0.0,0.0,0.0
0.0,0.0,0.0,0.0,0.0,-0.0,0.0,0.0,-0.0,-0.0
0.0,0.0,0.0,0.0,0.0,0.0,0.0,-0.0,-0.0,-0.0
0.0,0.0,-0.0,0.0,0.0,0.0,0.0,0.0,0.0,0.0
0.0,0.0,0.0,0.0,-0.0,0.0,-0.0,-0.0,0.0,0.0
0.0,0.0,0.0,-0.0,-0.0,0.0,0.0,-0.0,-0.0,-0.0
-0.02828723070820698,0.0,-0.033162781624071914,0.04167959081620824,0.03788946605083275,0.024685911764862224,0.04390014332965502,-0.007041579920744146,-0.03250662990310138,-0.016261840243673487
0.08430731468982276,0.0,0.2871944934088518,-0.22940260709384427,-0.10791020369012515,0.11227894746244196,0.0,-0.17670856724057477,0.05025421474692181,0.0
0.04843687865056498,0.04107215437490933,0.018787640659027056,0.0,0.00626340057011858,0.0,-0.025566327570427108,-0.018248898485632273,-0.038632125711285555,-0.023021904694066914
0.21132947146006226,0.0,0.021012912050310664,-0.10734677256155724,-0.05134191883649682,0.06321552925236365,0.061695510298010924,-0.11648194916826432,-0.053453748805148193,-0.3262738080717295
0.18799818879662716,0.05199669846286944,-0.11550388617797051,-0.1223002001137095,-0.35016021868588476,0.0,0.6269228609756375,0.12331265683159372,-0.06548657279652179,-0.2751125053717193
0.0,0.0,-0.02824506413293637,-0.10831443804841602,-0.08688220809152353,0.0805109252116716,0.5734098302448871,-0.26965730449250896,0.17917555333043442,-0.36228563004074943
-0.19414205520061492,0.07383183684846988,-0.07501299588599893,0.0,0.0,-0.009121885358822326,0.44414158219586347,-0.23275837206151556,-0.054682726078044905,-0.22530763381487123
0.0,0.0,-0.08228234247429747,-0.001169617533829841,0.03422432036365387,0.0,0.049252732130810446,-0.03325110932426962,-0.041094069987705005,-0.023545277056124855
0.0,0.0,0.0,0.0,-0.0,-0.0,0.0,0.0,0.0,-0.0
-0.0,0.0,0.0,-0.0,0.0,-0.0,0.0,-0.0,0.0,-0.0
-0.0,0.0,0.0,0.0,-0.0,-0.0,0.0,0.0,0.0,-0.0
-0.0,-0.0,0.0,0.0,0.0,0.0,0.0,-0.0,0.0,0.0
-0.0,0.0,0.0,0.0,0.0,0.0,0.0,-0.0,0.0,0.0
0.0,0.0,0.0,-0.0,0.0,0.0,-0.0,-0.0,0.0,0.0
0.0,-0.0,0.0,-0.0,0.0,0.0,0.0,0.0,0.0,-0.0
0.0,-0.0,0.0,-0.0,0.0,0.0,-0.0,-0.0,-0.0,-0.0
0.0,0.0,0.0,-0.0,0.0,0.0,0.0,0.0,-0.0,0.0
0.0,0.0,0.0,0.0,0.0,0.0,0.0,0.0,0.0,0.0
0.0,0.0,0.0,0.0,0.0,0.0,0.0,0.0,0.0,0.0
0.0,0.0,0.0,0.0,0.0,0.0,0.0,0.0,0.0,0.0
0.0,0.0,0.0,0.0,0.0,0.0,0.0,0.0,0.0,0.0
0.0,0.0,0.0,0.0,0.0,0.0,0.0,0.0,0.0,0.0
0.0,0.0,0.0,0.0,0.0,0.0,0.0,0.0,0.0,0.0
0.0,0.0,0.0,0.0,0.0,-0.0,0.0,0.0,0.0,0.0
-0.0,0.0,0.0,0.0,-0.0,0.0,0.0,-0.0,-0.0,0.0
0.0,0.0,0.0,0.0,-0.0,-0.0,0.0,0.0,0.0,-0.0
0.0,0.0,0.0,0.0,0.0,-0.0,-0.0,0.0,0.0,-0.0
0.0,0.0,0.0,0.0,-0.0,0.0,0.0,0.0,0.0,0.0
0.0,0.0,0.17071736110720928,-0.13180526789683894,-0.04602257917275183,0.0,0.0,0.028834119703997522,-0.0336363977718605,0.0
0.3238802195948836,0.0,0.0,0.23675133045791388,-0.7962484232714916,0.10569490262515145,-0.057771702073545456,0.0,-0.26147217473297996,-0.06248870239458125
0.07971128191015746,-0.17809417787769133,-0.06231492866171265,-0.06185767392849157,0.0,0.0,0.35525983005123346,0.0,0.0,0.2667824143028693
0.0,-0.4482192374394333,0.1093950913327683,0.20199042300986608,-0.5870341539071536,0.14182341716975702,0.10147055614660166,-0.5576573543417924,0.028945501123415998,0.0
-0.1822569158404211,-0.8275540831380581,0.0,0.011220839619078405,-0.11263934242727998,0.3409099483597082,0.0,0.0,0.19089359952205623,0.19585645405228994
0.6396109334104709,-0.41685519814034566,0.04842153124051904,0.0,-0.11948915765390983,0.016579791787112542,-0.009431427817996121,-0.1907970133208064,0.11958704189931209,-0.03606488315192097
-0.0067977322620732675,0.0,-0.007009987010998104,-0.026359628203023688,-0.08073945908776528,0.004239977780282586,-0.03242158640952069,-0.03845901577424611,0.03422636584813372,0.0
-0.0,0.0,-0.0,0.0,0.0,-0.0,0.0,-0.0,-0.0,-0.0
-0.0,0.0,-0.0,-0.0,-0.0,0.0,0.0,0.0,-0.0,-0.0
0.0,0.0,0.0,0.0,0.0,-0.0,0.0,-0.0,-0.0,0.0
-0.0,0.0,0.0,-0.0,0.0,0.0,0.0,-0.0,0.0,0.0
0.0,0.0,-0.0,0.0,0.0,0.0,0.0,0.0,-0.0,-0.0
0.0,0.0,0.0,0.0,0.0,0.0,0.0,-0.0,-0.0,-0.0
-0.0,0.0,0.0,0.0,0.0,0.0,0.0,-0.0,0.0,0.0
0.0,-0.0,0.0,0.0,0.0,0.0,0.0,0.0,0.0,0.0
0.0,0.0,0.0,-0.0,0.0,0.0,-0.0,-0.0,0.0,0.0
0.0,0.0,0.0,-0.0,0.0,0.0,-0.0,0.0,-0.0,-0.0
0.0,0.0,0.0,0.0,0.0,0.0,0.0,0.0,0.0,0.0
0.0,0.0,0.0,0.0,0.0,0.0,0.0,0.0,0.0,0.0
0.0,0.0,0.0,0.0,0.0,0.0,0.0,0.0,0.0,0.0
0.0,0.0,0.0,0.0,0.0,0.0,0.0,0.0,0.0,0.0
0.0,0.0,0.0,0.0,0.0,0.0,0.0,0.0,0.0,0.0
0.0,0.0,0.0,0.0,0.0,0.0,0.0,0.0,0.0,0.0
0.0,0.0,0.0,0.0,0.0,0.0,0.0,-0.0,0.0,0.0
-0.0,-0.0,0.0,0.0,0.0,0.0,0.0,0.0,0.0,-0.0
0.0,0.0,0.0,0.0,0.0,0.0,0.0,0.0,-0.0,0.0
0.0,0.0,0.0,0.0,0.0,0.0,0.0,0.0,-0.0,0.0
0.0,0.0,-0.0,0.0,0.0,-0.0,-0.0,0.0,-0.0,-0.0
0.0,-0.16386655965029026,-0.060701008613991365,0.05665760617562886,0.0,0.0,-0.5580751204032914,-0.4199273506317696,-0.10865885131184681,0.26934878744118773
0.17171637603484635,0.0,-0.24698117919339052,0.2753307307697493,-0.4372166058799533,0.0,-0.15700510100547702,-0.17539475875872285,-0.12651401404669432,-0.6301980131594026
0.1700082196889607,-0.6626901215327861,0.0,-0.022583892388192896,-0.005128047485240463,0.1944573408209618,-0.6718959675631846,-0.10859224199276978,0.0,-0.045605453431681126
0.0,-0.015322581526555579,-0.27690983272360364,-0.04586696812544125,-0.03858639041763051,0.0,-0.9424128799975687,-0.6122452582074314,0.07545814356204712,-0.27262980715013135
0.0,0.0,-0.011310112633851722,-0.06522762806510503,-0.1415949601300623,0.0,-0.031074275863050872,0.0,0.03754548533300854,-0.11062344345037477
0.0,-0.011635955406534821,-0.03237629839446245,0.00040570039846043885,-0.002461593399209858,0.00981322724142645,-0.028870781833244978,-0.0031916127437151766,0.01953428258592186,-0.014556510115142793
0.0,-0.0,0.0,-0.0,0.0,0.0,-0.0,-0.0,-0.0,0.0
-0.0,0.0,-0.0,0.0,-0.0,-0.0,0.0,-0.0,0.0,-0.0
-0.0,0.0,0.0,-0.0,0.0,0.0,-0.0,0.0,0.0,-0.0
0.0,0.0,-0.0,-0.0,0.0,-0.0,-0.0,0.0,0.0,-0.0
-0.0,0.0,0.0,0.0,0.0,-0.0,0.0,-0.0,0.0,-0.0
-0.0,0.0,0.0,0.0,0.0,-0.0,0.0,-0.0,-0.0,0.0
-0.0,0.0,0.0,0.0,0.0,0.0,-0.0,-0.0,-0.0,0.0
0.0,0.0,0.0,-0.0,0.0,0.0,-0.0,-0.0,0.0,0.0
0.0,-0.0,0.0,-0.0,-0.0,0.0,-0.0,0.0,-0.0,0.0
-0.0,0.0,0.0,-0.0,-0.0,0.0,0.0,-0.0,0.0,0.0
0.0,0.0,0.0,0.0,0.0,0.0,0.0,0.0,0.0,0.0
0.0,0.0,0.0,0.0,0.0,0.0,0.0,0.0,0.0,0.0
0.0,0.0,0.0,0.0,0.0,0.0,0.0,0.0,0.0,0.0
0.0,0.0,0.0,0.0,0.0,0.0,0.0,0.0,0.0,0.0
0.0,0.0,0.0,0.0,0.0,0.0,0.0,0.0,0.0,0.0
0.0,0.0,0.0,0.0,0.0,0.0,0.0,0.0,0.0,0.0
0.0,0.0,0.0,0.0,0.0,0.0,0.0,0.0,0.0,0.0
0.0,0.0,-0.0,0.0,0.0,0.0,0.0,0.0,0.0,0.0
0.0,-0.0,-0.0,0.0,0.0,-0.0,0.0,0.0,-0.0,0.0
0.0,-0.0,0.0,-0.0,0.0,0.0,0.0,0.0,-0.0,0.0
-0.0,0.0,-0.0,0.0,0.0,-0.0,0.0,0.0,-0.0,0.0
-0.0,0.0,-0.0,0.0,0.0,0.0,0.0,0.0,-0.0,0.0
0.0,-0.2496942493276462,0.0,0.12885959574062647,0.046424966725606615,0.0,-0.33614037107564243,0.0,0.0,0.0
0.0,-0.2282223654425378,-0.14783349999741358,0.0,0.21396979280427159,0.369784853680808,-0.37382374480214386,-0.19320805977957095,0.21037208941123173,-0.14449242491774314
0.0,-0.3017352624242299,-0.26928025681310486,0.17715556656119077,-0.15645598465314028,0.0,-1.024508952927962,-0.026833127004471834,-0.07134413517592045,-0.1486221317420472
-0.12857640779491433,-0.11123240341815874,-0.09474935004830452,0.0,0.08240098726349293,-0.011437700020769858,-0.2410258755697288,0.040713469636120186,-0.012551028560031569,-0.13990525967364142
0.0,-0.0014725585134443954,-3.674196789835339e-06,-0.00018753205995154573,-0.00021052902108748036,0.0,-0.004145906277813516,-0.0037390830854871215,-0.00023974161938988776,-0.0006226867420465359
0.0,-0.0,-0.0,0.0,-0.0,0.0,-0.0,0.0,0.0,-0.0
-0.0,-0.0,0.0,0.0,0.0,0.0,-0.0,0.0,0.0,-0.0
0.0,0.0,-0.0,-0.0,-0.0,0.0,-0.0,0.0,-0.0,-0.0
-0.0,-0.0,-0.0,0.0,-0.0,-0.0,-0.0,-0.0,0.0,-0.0
0.0,0.0,0.0,0.0,-0.0,0.0,-0.0,0.0,-0.0,0.0
0.0,0.0,0.0,-0.0,-0.0,0.0,-0.0,-0.0,0.0,-0.0
-0.0,0.0,0.0,-0.0,0.0,-0.0,-0.0,0.0,0.0,0.0
-0.0,0.0,0.0,-0.0,0.0,0.0,-0.0,0.0,0.0,-0.0
-0.0,0.0,0.0,0.0,-0.0,-0.0,-0.0,0.0,0.0,0.0
0.0,0.0,-0.0,0.0,0.0,0.0,0.0,-0.0,-0.0,0.0
0.0,0.0,0.0,0.0,-0.0,-0.0,0.0,0.0,0.0,0.0
0.0,0.0,0.0,0.0,0.0,0.0,0.0,0.0,0.0,0.0
0.0,0.0,0.0,0.0,0.0,0.0,0.0,0.0,0.0,0.0
0.0,0.0,0.0,0.0,0.0,0.0,0.0,0.0,0.0,0.0
0.0,0.0,0.0,0.0,0.0,0.0,0.0,0.0,0.0,0.0
0.0,0.0,0.0,0.0,0.0,0.0,0.0,0.0,0.0,0.0
0.0,0.0,0.0,0.0,0.0,0.0,0.0,0.0,0.0,0.0
0.0,0.0,0.0,0.0,0.0,0.0,0.0,0.0,0.0,0.0
0.0,0.0,0.0,0.0,0.0,0.0,0.0,0.0,0.0,0.0
0.0,0.0,0.0,-0.0,0.0,0.0,0.0,0.0,0.0,-0.0
0.0,-0.0,-0.0,0.0,0.0,0.0,0.0,-0.0,-0.0,0.0
-0.0,0.0,0.0,0.0,-0.0,0.0,0.0,-0.0,0.0,-0.0
-0.0,-0.0,-0.0,0.0,-0.0,-0.0,0.0,0.0,-0.0,-0.0
-0.0,-0.0,-0.0,0.0,-0.0,-0.0,0.0,0.0,-0.0,0.0
-0.0,-0.0,-0.0,0.0,-0.0,0.0,0.0,0.0,-0.0,-0.0
-0.0,-0.0,-0.0,0.0,-0.0,0.0,0.0,-0.0,-0.0,0.0
0.0,-0.0,-0.0,0.0,-0.0,0.0,0.0,0.0,-0.0,-0.0
-0.0,-0.0,-0.0,0.0,-0.0,0.0,0.0,0.0,-0.0,0.0
-0.0,-0.0,-0.0,0.0,-0.0,0.0,0.0,-0.0,-0.0,0.0
-0.0,-0.0,-0.0,0.0,-0.0,-0.0,0.0,-0.0,-0.0,0.0
-0.0,-0.0,0.0,-0.0,-0.0,0.0,0.0,0.0,-0.0,0.0
-0.0,-0.0,-0.0,0.0,-0.0,0.0,0.0,0.0,-0.0,0.0
-0.0,-0.0,-0.0,-0.0,-0.0,0.0,0.0,0.0,-0.0,0.0
-0.0,-0.0,-0.0,0.0,-0.0,0.0,0.0,0.0,-0.0,0.0
0.0,-0.0,-0.0,0.0,-0.0,0.0,0.0,0.0,-0.0,0.0
-0.0,0.0,0.0,-0.0,-0.0,-0.0,0.0,0.0,0.0,0.0
0.0,0.0,-0.0,-0.0,-0.0,0.0,0.0,0.0,-0.0,0.0
0.0,0.0,-0.0,0.0,0.0,0.0,0.0,0.0,0.0,0.0
0.0,0.0,-0.0,0.0,0.0,0.0,0.0,0.0,0.0,0.0
0.0,0.0,0.0,0.0,0.0,0.0,0.0,0.0,0.0,0.0
0.0,0.0,0.0,0.0,0.0,0.0,0.0,0.0,0.0,0.0
0.0,0.0,0.0,0.0,0.0,0.0,0.0,0.0,0.0,0.0
0.0,0.0,0.0,0.0,0.0,0.0,0.0,0.0,0.0,0.0
0.0,0.0,0.0,0.0,0.0,0.0,0.0,0.0,0.0,0.0
0.0,0.0,0.0,0.0,0.0,0.0,0.0,0.0,0.0,0.0
0.0,0.0,0.0,0.0,0.0,0.0,0.0,0.0,0.0,0.0
0.0,0.0,0.0,0.0,0.0,0.0,0.0,0.0,0.0,0.0
0.0,0.0,0.0,0.0,0.0,0.0,0.0,0.0,0.0,0.0
0.0,0.0,0.0,0.0,0.0,0.0,0.0,-0.0,0.0,0.0
0.0,0.0,0.0,0.0,0.0,0.0,0.0,-0.0,-0.0,0.0
0.0,0.0,0.0,-0.0,-0.0,-0.0,0.0,0.0,-0.0,0.0
0.0,0.0,0.0,-0.0,-0.0,-0.0,0.0,0.0,-0.0,0.0
-0.0,0.0,0.0,-0.0,-0.0,0.0,0.0,0.0,-0.0,0.0
-0.0,0.0,0.0,-0.0,-0.0,-0.0,0.0,0.0,-0.0,0.0
-0.0,0.0,-0.0,-0.0,-0.0,0.0,0.0,0.0,-0.0,-0.0
0.0,-0.0,0.0,-0.0,-0.0,-0.0,0.0,-0.0,-0.0,0.0
-0.0,-0.0,-0.0,-0.0,-0.0,0.0,0.0,0.0,-0.0,-0.0
-0.0,-0.0,-0.0,-0.0,-0.0,-0.0,0.0,0.0,-0.0,0.0
-0.0,-0.0,-0.0,-0.0,-0.0,-0.0,0.0,0.0,-0.0,-0.0
0.0,0.0,-0.0,-0.0,-0.0,-0.0,0.0,0.0,-0.0,0.0
0.0,0.0,-0.0,-0.0,-0.0,0.0,0.0,0.0,-0.0,0.0
0.0,0.0,0.0,-0.0,-0.0,-0.0,0.0,0.0,-0.0,0.0
0.0,0.0,0.0,0.0,-0.0,-0.0,0.0,0.0,-0.0,0.0
0.0,0.0,0.0,0.0,-0.0,0.0,0.0,-0.0,-0.0,0.0
0.0,0.0,0.0,0.0,-0.0,-0.0,0.0,0.0,0.0,0.0
0.0,0.0,0.0,0.0,-0.0,0.0,0.0,0.0,0.0,0.0
0.0,0.0,0.0,0.0,0.0,0.0,0.0,0.0,0.0,0.0
0.0,0.0,0.0,0.0,0.0,0.0,0.0,0.0,0.0,0.0
0.0,0.0,0.0,0.0,0.0,0.0,0.0,0.0,0.0,0.0
0.0,0.0,0.0,0.0,0.0,0.0,0.0,0.0,0.0,0.0
0.0,0.0,0.0,0.0,0.0,0.0,0.0,0.0,0.0,0.0
0.0,0.0,0.0,0.0,0.0,0.0,0.0,0.0,0.0,0.0
0.0,0.0,0.0,0.0,0.0,0.0,0.0,0.0,0.0,0.0
0.0,0.0,0.0,0.0,0.0,0.0,0.0,0.0,0.0,0.0
0.0,0.0,0.0,0.0,0.0,0.0,0.0,0.0,0.0,0.0
0.0,0.0,0.0,0.0,0.0,0.0,0.0,0.0,0.0,0.0
0.0,0.0,0.0,0.0,0.0,0.0,0.0,0.0,0.0,0.0
0.0,0.0,0.0,0.0,0.0,0.0,0.0,0.0,0.0,0.0
0.0,0.0,0.0,0.0,0.0,0.0,0.0,0.0,0.0,0.0
0.0,0.0,0.0,0.0,0.0,0.0,0.0,0.0,0.0,-0.0
0.0,0.0,0.0,0.0,0.0,0.0,0.0,0.0,0.0,0.0
0.0,0.0,0.0,0.0,0.0,0.0,0.0,0.0,0.0,-0.0
0.0,0.0,0.0,0.0,0.0,0.0,0.0,0.0,0.0,-0.0
0.0,0.0,0.0,0.0,0.0,0.0,0.0,0.0,0.0,0.0
0.0,0.0,0.0,0.0,0.0,0.0,0.0,0.0,0.0,-0.0
0.0,0.0,0.0,0.0,0.0,0.0,0.0,0.0,0.0,-0.0
0.0,0.0,0.0,0.0,0.0,0.0,0.0,0.0,0.0,-0.0
0.0,0.0,0.0,0.0,0.0,0.0,0.0,0.0,0.0,0.0
0.0,0.0,0.0,0.0,0.0,0.0,0.0,0.0,0.0,-0.0
0.0,0.0,0.0,0.0,0.0,0.0,0.0,0.0,0.0,0.0
0.0,0.0,0.0,0.0,0.0,0.0,0.0,0.0,0.0,0.0
0.0,0.0,0.0,0.0,0.0,0.0,0.0,0.0,0.0,0.0
0.0,0.0,0.0,0.0,0.0,0.0,0.0,0.0,0.0,0.0
0.0,0.0,0.0,0.0,0.0,0.0,0.0,0.0,0.0,0.0
0.0,0.0,0.0,0.0,0.0,0.0,0.0,0.0,0.0,0.0
0.0,0.0,0.0,0.0,0.0,0.0,0.0,0.0,0.0,0.0
0.0,0.0,0.0,0.0,0.0,0.0,0.0,0.0,0.0,0.0
0.0,0.0,0.0,0.0,0.0,0.0,0.0,0.0,0.0,0.0
0.0,0.0,0.0,0.0,0.0,0.0,0.0,0.0,0.0,0.0
